InternetService,ChurnFlag
Fiber optic,0.3721973094170404
DSL,0.19411764705882353
No,0.07446808510638298
