Contract,ChurnFlag
Month-to-month,0.42028985507246375
One year,0.04081632653061224
Two year,0.02654867256637168
