TenureBucket,ChurnFlag
0-12 mo,0.5033112582781457
13-24 mo,0.23076923076923078
25-48 mo,0.13043478260869565
49+ mo,0.0979020979020979
