fold,n_val,accuracy,precision,recall,f1,auc
1,98,0.7959183673469388,0.5925925925925926,0.64,0.6153846153846153,0.8142465753424656
2,98,0.7755102040816326,0.6,0.36,0.45,0.7939726027397259
3,98,0.7551020408163265,0.5217391304347826,0.48,0.4999999999999999,0.7506849315068493
4,97,0.8144329896907216,0.6363636363636364,0.5833333333333334,0.6086956521739131,0.904109589041096
5,96,0.8333333333333334,0.75,0.5,0.6,0.8894675925925926
